{"checkpoint":{"4":"Lift-off","11":"Lift Progress Up (50%)","12":"Lift Progress Up (60%)","16":"Lift Progress Up (70%)","18":"Lift Progress Up (80%)","21":"Lift Progress Up (90%)","58":"Full Extension"},"left_to_right_shoulder_slope":{"4":0.0370790638,"11":-0.0096931816,"12":-0.0168356902,"16":-0.0867955056,"18":-0.0830160504,"21":-0.0785828044,"58":-0.0643852318},"left_right_wrist_slope":{"4":0.0654056946,"11":0.0270815968,"12":0.025209038,"16":-0.0728146763,"18":-0.077153066,"21":-0.0977133636,"58":-0.0612674081},"head_tilt_slope":{"4":-0.0154072051,"11":-0.0483664666,"12":-0.0647884389,"16":-0.162549502,"18":-0.1423371794,"21":-0.1441074055,"58":-0.091642948},"normalised_shoulder_distance":{"4":1.4861068076,"11":1.4833137781,"12":1.4805433514,"16":1.5062971017,"18":1.504477986,"21":1.4778908345,"58":1.4821086773},"normalised_wrist_difference":{"4":2.477024777,"11":2.4751218488,"12":2.4119839352,"16":2.579723802,"18":2.5667983,"21":2.3917833485,"58":2.5827010991},"normalised_ankle_difference":{"4":1.2929729466,"11":1.299977142,"12":1.3187755148,"16":1.3900563142,"18":1.4434813813,"21":1.4764890791,"58":1.4917369952},"normalised_knee_distance":{"4":1.2137352157,"11":1.2124416523,"12":1.2185292656,"16":1.1393671363,"18":1.1435862564,"21":1.2129393991,"58":1.1761199105},"right_knee_lateral_distance_from_center":{"4":0.7741316838,"11":0.7340177207,"12":0.714626124,"16":0.6199111259,"18":0.6289875307,"21":0.5889861829,"58":0.5462395871},"left_knee_lateral_distance_from_center":{"4":0.4375045578,"11":0.4784226607,"12":0.5038347763,"16":0.5194267466,"18":0.5131443127,"21":0.623948574,"58":0.6298341631},"right_ankle_lateral_distance_from_center":{"4":0.828035064,"11":0.7693276234,"12":0.7549612768,"16":0.6913438359,"18":0.7319044477,"21":0.679856165,"58":0.7040285644},"left_ankle_lateral_distance_from_center":{"4":0.4649344443,"11":0.5306461509,"12":0.5638110039,"16":0.698708938,"18":0.71157327,"21":0.7966294472,"58":0.7877047329},"right_wrist_lateral_distance_from_center":{"4":1.4663774977,"11":1.4246786457,"12":1.3674930895,"16":1.3648204709,"18":1.3659459522,"21":1.1839845658,"58":1.2744791655},"left_wrist_lateral_distance_from_center":{"4":1.0053659797,"11":1.0495360589,"12":1.0437248082,"16":1.2080915877,"18":1.1932467298,"21":1.196461647,"58":1.3033882011}}