{"checkpoint":{"4":"Lift-off","11":"Lift Progress Up (50%)","12":"Lift Progress Up (60%)"},"left_to_right_shoulder_slope":{"4":0.0370790638,"11":-0.0096931816,"12":-0.0168356902},"left_right_wrist_slope":{"4":0.0654056946,"11":0.0270815968,"12":0.025209038},"head_tilt_slope":{"4":-0.0154072051,"11":-0.0483664666,"12":-0.0647884389},"normalised_shoulder_distance":{"4":1.4861068076,"11":1.4833137781,"12":1.4805433514},"normalised_wrist_difference":{"4":2.477024777,"11":2.4751218488,"12":2.4119839352},"normalised_ankle_difference":{"4":1.2929729466,"11":1.299977142,"12":1.3187755148},"normalised_knee_distance":{"4":1.2137352157,"11":1.2124416523,"12":1.2185292656},"right_knee_lateral_distance_from_center":{"4":0.7741316838,"11":0.7340177207,"12":0.714626124},"left_knee_lateral_distance_from_center":{"4":0.4375045578,"11":0.4784226607,"12":0.5038347763},"right_ankle_lateral_distance_from_center":{"4":0.828035064,"11":0.7693276234,"12":0.7549612768},"left_ankle_lateral_distance_from_center":{"4":0.4649344443,"11":0.5306461509,"12":0.5638110039},"right_wrist_lateral_distance_from_center":{"4":1.4663774977,"11":1.4246786457,"12":1.3674930895},"left_wrist_lateral_distance_from_center":{"4":1.0053659797,"11":1.0495360589,"12":1.0437248082}}